{"_format":"","paths":{"artifacts":"out","build_infos":"out/build-info","sources":"src","tests":"test","scripts":"script","libraries":["lib"]},"files":{"lib/forge-std/src/Base.sol":{"lastModificationDate":1770407387394,"contentHash":"057da15af4544b7a","interfaceReprHash":null,"sourceName":"lib/forge-std/src/Base.sol","imports":["lib/forge-std/src/StdStorage.sol","lib/forge-std/src/Vm.sol"],"versionRequirement":">=0.8.13, <0.9.0","artifacts":{"CommonBase":{"0.8.20":{"default":{"path":"Base.sol/CommonBase.json","build_id":"2aaf5119500f2819"}}},"ScriptBase":{"0.8.20":{"default":{"path":"Base.sol/ScriptBase.json","build_id":"2aaf5119500f2819"}}},"TestBase":{"0.8.20":{"default":{"path":"Base.sol/TestBase.json","build_id":"2aaf5119500f2819"}}}},"seenByCompiler":true},"lib/forge-std/src/Script.sol":{"lastModificationDate":1770407387394,"contentHash":"f2808a0770d1b6a2","interfaceReprHash":null,"sourceName":"lib/forge-std/src/Script.sol","imports":["lib/forge-std/src/Base.sol","lib/forge-std/src/StdChains.sol","lib/forge-std/src/StdCheats.sol","lib/forge-std/src/StdConstants.sol","lib/forge-std/src/StdJson.sol","lib/forge-std/src/StdMath.sol","lib/forge-std/src/StdStorage.sol","lib/forge-std/src/StdStyle.sol","lib/forge-std/src/StdUtils.sol","lib/forge-std/src/Vm.sol","lib/forge-std/src/console.sol","lib/forge-std/src/console2.sol","lib/forge-std/src/interfaces/IMulticall3.sol","lib/forge-std/src/safeconsole.sol"],"versionRequirement":">=0.8.13, <0.9.0","artifacts":{"Script":{"0.8.20":{"default":{"path":"Script.sol/Script.json","build_id":"2aaf5119500f2819"}}}},"seenByCompiler":true},"lib/forge-std/src/StdChains.sol":{"lastModificationDate":1770407387429,"contentHash":"37547492f43f9670","interfaceReprHash":null,"sourceName":"lib/forge-std/src/StdChains.sol","imports":["lib/forge-std/src/Vm.sol"],"versionRequirement":">=0.8.13, <0.9.0","artifacts":{"StdChains":{"0.8.20":{"default":{"path":"StdChains.sol/StdChains.json","build_id":"2aaf5119500f2819"}}}},"seenByCompiler":true},"lib/forge-std/src/StdCheats.sol":{"lastModificationDate":1770407387430,"contentHash":"5ac6d1c1eff06e2e","interfaceReprHash":null,"sourceName":"lib/forge-std/src/StdCheats.sol","imports":["lib/forge-std/src/StdStorage.sol","lib/forge-std/src/Vm.sol","lib/forge-std/src/console.sol","lib/forge-std/src/console2.sol"],"versionRequirement":">=0.8.13, <0.9.0","artifacts":{"StdCheats":{"0.8.20":{"default":{"path":"StdCheats.sol/StdCheats.json","build_id":"2aaf5119500f2819"}}},"StdCheatsSafe":{"0.8.20":{"default":{"path":"StdCheats.sol/StdCheatsSafe.json","build_id":"2aaf5119500f2819"}}}},"seenByCompiler":true},"lib/forge-std/src/StdConstants.sol":{"lastModificationDate":1770407387395,"contentHash":"6e64e3e0f1e270b1","interfaceReprHash":null,"sourceName":"lib/forge-std/src/StdConstants.sol","imports":["lib/forge-std/src/Vm.sol","lib/forge-std/src/interfaces/IMulticall3.sol"],"versionRequirement":">=0.8.13, <0.9.0","artifacts":{"StdConstants":{"0.8.20":{"default":{"path":"StdConstants.sol/StdConstants.json","build_id":"2aaf5119500f2819"}}}},"seenByCompiler":true},"lib/forge-std/src/StdJson.sol":{"lastModificationDate":1770407387395,"contentHash":"deb75521f38fb99f","interfaceReprHash":null,"sourceName":"lib/forge-std/src/StdJson.sol","imports":["lib/forge-std/src/Vm.sol"],"versionRequirement":">=0.8.13, <0.9.0","artifacts":{"stdJson":{"0.8.20":{"default":{"path":"StdJson.sol/stdJson.json","build_id":"2aaf5119500f2819"}}}},"seenByCompiler":true},"lib/forge-std/src/StdMath.sol":{"lastModificationDate":1770407387395,"contentHash":"393b2ec0becc479a","interfaceReprHash":null,"sourceName":"lib/forge-std/src/StdMath.sol","imports":[],"versionRequirement":">=0.8.13, <0.9.0","artifacts":{"stdMath":{"0.8.20":{"default":{"path":"StdMath.sol/stdMath.json","build_id":"2aaf5119500f2819"}}}},"seenByCompiler":true},"lib/forge-std/src/StdStorage.sol":{"lastModificationDate":1770407387430,"contentHash":"918bfa1df9612032","interfaceReprHash":null,"sourceName":"lib/forge-std/src/StdStorage.sol","imports":["lib/forge-std/src/Vm.sol"],"versionRequirement":">=0.8.13, <0.9.0","artifacts":{"stdStorage":{"0.8.20":{"default":{"path":"StdStorage.sol/stdStorage.json","build_id":"2aaf5119500f2819"}}},"stdStorageSafe":{"0.8.20":{"default":{"path":"StdStorage.sol/stdStorageSafe.json","build_id":"2aaf5119500f2819"}}}},"seenByCompiler":true},"lib/forge-std/src/StdStyle.sol":{"lastModificationDate":1770407387395,"contentHash":"dd683e581612d9d7","interfaceReprHash":null,"sourceName":"lib/forge-std/src/StdStyle.sol","imports":["lib/forge-std/src/Vm.sol"],"versionRequirement":">=0.8.13, <0.9.0","artifacts":{"StdStyle":{"0.8.20":{"default":{"path":"StdStyle.sol/StdStyle.json","build_id":"2aaf5119500f2819"}}}},"seenByCompiler":true},"lib/forge-std/src/StdUtils.sol":{"lastModificationDate":1770407387430,"contentHash":"c82e7e04785854c2","interfaceReprHash":null,"sourceName":"lib/forge-std/src/StdUtils.sol","imports":["lib/forge-std/src/StdConstants.sol","lib/forge-std/src/Vm.sol","lib/forge-std/src/interfaces/IMulticall3.sol"],"versionRequirement":">=0.8.13, <0.9.0","artifacts":{"StdUtils":{"0.8.20":{"default":{"path":"StdUtils.sol/StdUtils.json","build_id":"2aaf5119500f2819"}}}},"seenByCompiler":true},"lib/forge-std/src/Vm.sol":{"lastModificationDate":1770407387430,"contentHash":"b15e170946ba249c","interfaceReprHash":null,"sourceName":"lib/forge-std/src/Vm.sol","imports":[],"versionRequirement":">=0.8.13, <0.9.0","artifacts":{"Vm":{"0.8.20":{"default":{"path":"Vm.sol/Vm.json","build_id":"2aaf5119500f2819"}}},"VmSafe":{"0.8.20":{"default":{"path":"Vm.sol/VmSafe.json","build_id":"2aaf5119500f2819"}}}},"seenByCompiler":true},"lib/forge-std/src/console.sol":{"lastModificationDate":1770407387396,"contentHash":"c2f250cceea75093","interfaceReprHash":null,"sourceName":"lib/forge-std/src/console.sol","imports":[],"versionRequirement":">=0.8.13, <0.9.0","artifacts":{"console":{"0.8.20":{"default":{"path":"console.sol/console.json","build_id":"2aaf5119500f2819"}}}},"seenByCompiler":true},"lib/forge-std/src/console2.sol":{"lastModificationDate":1770407387396,"contentHash":"fb84555cebe27360","interfaceReprHash":null,"sourceName":"lib/forge-std/src/console2.sol","imports":["lib/forge-std/src/console.sol"],"versionRequirement":">=0.8.13, <0.9.0","artifacts":{},"seenByCompiler":true},"lib/forge-std/src/interfaces/IMulticall3.sol":{"lastModificationDate":1770407387397,"contentHash":"731463c8fd01e759","interfaceReprHash":null,"sourceName":"lib/forge-std/src/interfaces/IMulticall3.sol","imports":[],"versionRequirement":">=0.8.13, <0.9.0","artifacts":{"IMulticall3":{"0.8.20":{"default":{"path":"IMulticall3.sol/IMulticall3.json","build_id":"2aaf5119500f2819"}}}},"seenByCompiler":true},"lib/forge-std/src/safeconsole.sol":{"lastModificationDate":1770407387397,"contentHash":"075ad54247fa474a","interfaceReprHash":null,"sourceName":"lib/forge-std/src/safeconsole.sol","imports":[],"versionRequirement":">=0.8.13, <0.9.0","artifacts":{"safeconsole":{"0.8.20":{"default":{"path":"safeconsole.sol/safeconsole.json","build_id":"2aaf5119500f2819"}}}},"seenByCompiler":true},"script/DeployPrior.s.sol":{"lastModificationDate":1770406933378,"contentHash":"6802a62c2d635f57","interfaceReprHash":null,"sourceName":"script/DeployPrior.s.sol","imports":["lib/forge-std/src/Base.sol","lib/forge-std/src/Script.sol","lib/forge-std/src/StdChains.sol","lib/forge-std/src/StdCheats.sol","lib/forge-std/src/StdConstants.sol","lib/forge-std/src/StdJson.sol","lib/forge-std/src/StdMath.sol","lib/forge-std/src/StdStorage.sol","lib/forge-std/src/StdStyle.sol","lib/forge-std/src/StdUtils.sol","lib/forge-std/src/Vm.sol","lib/forge-std/src/console.sol","lib/forge-std/src/console2.sol","lib/forge-std/src/interfaces/IMulticall3.sol","lib/forge-std/src/safeconsole.sol"],"versionRequirement":"^0.8.20","artifacts":{"DeployPrior":{"0.8.20":{"default":{"path":"DeployPrior.s.sol/DeployPrior.json","build_id":"2aaf5119500f2819"}}},"IMemoryToken":{"0.8.20":{"default":{"path":"DeployPrior.s.sol/IMemoryToken.json","build_id":"2aaf5119500f2819"}}},"ITESLARToken":{"0.8.20":{"default":{"path":"DeployPrior.s.sol/ITESLARToken.json","build_id":"2aaf5119500f2819"}}}},"seenByCompiler":true},"script/DeployPriorTeslaClaim.s.sol":{"lastModificationDate":1770407439416,"contentHash":"02d37d4b4ccd20e6","interfaceReprHash":null,"sourceName":"script/DeployPriorTeslaClaim.s.sol","imports":["lib/forge-std/src/Base.sol","lib/forge-std/src/Script.sol","lib/forge-std/src/StdChains.sol","lib/forge-std/src/StdCheats.sol","lib/forge-std/src/StdConstants.sol","lib/forge-std/src/StdJson.sol","lib/forge-std/src/StdMath.sol","lib/forge-std/src/StdStorage.sol","lib/forge-std/src/StdStyle.sol","lib/forge-std/src/StdUtils.sol","lib/forge-std/src/Vm.sol","lib/forge-std/src/console.sol","lib/forge-std/src/console2.sol","lib/forge-std/src/interfaces/IMulticall3.sol","lib/forge-std/src/safeconsole.sol","src/PRIORTeslaClaim.sol"],"versionRequirement":"^0.8.19","artifacts":{"DeployPRIORTeslaClaim":{"0.8.20":{"default":{"path":"DeployPriorTeslaClaim.s.sol/DeployPRIORTeslaClaim.json","build_id":"2aaf5119500f2819"}}}},"seenByCompiler":true},"src/PRIORTeslaClaim.sol":{"lastModificationDate":1770402094225,"contentHash":"6b4f8f9449c414e2","interfaceReprHash":null,"sourceName":"src/PRIORTeslaClaim.sol","imports":[],"versionRequirement":"^0.8.19","artifacts":{"PRIORTeslaClaim":{"0.8.20":{"default":{"path":"PRIORTeslaClaim.sol/PRIORTeslaClaim.json","build_id":"2aaf5119500f2819"}}}},"seenByCompiler":true}},"builds":["2aaf5119500f2819"],"profiles":{"default":{"solc":{"optimizer":{"enabled":true,"runs":200},"metadata":{"useLiteralContent":false,"bytecodeHash":"ipfs","appendCBOR":true},"outputSelection":{"*":{"*":["abi","evm.bytecode.object","evm.bytecode.sourceMap","evm.bytecode.linkReferences","evm.deployedBytecode.object","evm.deployedBytecode.sourceMap","evm.deployedBytecode.linkReferences","evm.deployedBytecode.immutableReferences","evm.methodIdentifiers","metadata"]}},"evmVersion":"prague","viaIR":false,"libraries":{}},"vyper":{"evmVersion":"prague","outputSelection":{"*":{"*":["abi","evm.bytecode","evm.deployedBytecode"]}}}}},"preprocessed":false,"mocks":[]}